of,23687
and,14690
in,14443
the,12606
a,8953
virus,6108
for,5321
to,4221
with,3694
respiratory,3547
coronavirus,3477
infection,2746
by,2716
from,2337
human,2308
influenza,2194
viral,2125
protein,2043
on,1958
disease,1760
an,1719
syndrome,1629
novel,1613
acute,1463
cells,1432
cell,1424
rna,1401
analysis,1332
viruses,1283
is,1272
sars,1208
health,1207
infectious,1143
infections,1062
detection,1050
based,1039
study,1019
severe,998
during,998
as,973
host,948
china,926
against,923
using,894
response,860
associated,852
patients,832
replication,819
porcine,773
cov,773
outbreak,761
clinical,749
epidemic,747
induced,735
expression,734
vaccine,726
east,717
middle,710
hepatitis,703
transmission,673
new,672
t,666
type,666
characterization,655
identification,655
children,641
gene,640
role,635
specific,626
receptor,626
diseases,613
antiviral,612
like,611
immune,610
interferon,596
mice,595
mers,579
pneumonia,578
responses,560
genome,558
binding,555
pandemic,552
infected,552
mouse,551
mediated,550
covid,549
development,547
control,543
proteins,540
molecular,537
activity,534
system,513
c,512
emerging,512
public,508
s,503
antibody,495
hiv,495
are,491
evaluation,488
model,485
antibodies,482
risk,480
diarrhea,474
high,472
data,470
potential,464
among,462
between,454
ebola,451
avian,449
review,431
case,426
time,424
at,418
non,417
global,417
spike,410
surveillance,410
care,409
domain,406
structure,405
its,403
through,400
dependent,399
entry,396
murine,390
i,389
that,387
treatment,384
dna,377
sequence,374
genetic,371
tract,369
b,364
lung,363
into,355
pathogens,354
glycoprotein,349
assay,347
pcr,346
early,344
evolution,339
rapid,338
factors,338
recombinant,333
immunity,330
bovine,326
reveals,323
cross,322
acid,322
two,321
ncov,319
structural,318
epidemiology,317
not,316
related,315
targeting,314
sequencing,313
impact,312
activation,310
use,310
effects,309
membrane,305
coronaviruses,304
feline,300
strain,298
comparison,296
fever,294
multiple,292
research,290
after,289
fusion,287
cellular,287
evidence,285
vitro,285
signaling,285
anti,284
via,283
factor,283
species,281
pathogenesis,280
diagnosis,280
bronchitis,279
or,278
functional,277
hospital,277
production,275
vaccines,274
single,273
approach,273
innate,271
protease,271
genes,271
inhibition,268
real,268
transcription,265
pathogen,265
syncytial,265
population,264
cancer,263
complex,261
korea,259
vivo,259
bat,258
dengue,255
antigen,254
models,253
effect,250
dynamics,249
n,249
synthesis,247
function,246
highly,244
inhibits,244
different,244
peptide,243
inhibitors,243
outbreaks,241
bats,241
monoclonal,241
community,240
genomic,238
protection,238
discovery,234
bacterial,232
inflammatory,230
neutralizing,229
pathway,228
emergency,228
network,227
design,227
first,226
long,225
interaction,224
animal,223
protective,222
induces,222
region,222
cases,221
implications,221
illness,221
spread,219
polymerase,219
efficacy,219
enzyme,218
epithelial,217
swine,216
drug,216
regulation,215
studies,213
systematic,212
management,212
zika,208
vaccination,208
prevention,207
association,206
their,206
gastroenteritis,204
characteristics,203
other,203
small,203
pathogenic,202
but,200
diversity,200
derived,200
following,199
canine,199
blood,199
interactions,198
prevalence,197
pulmonary,197
adenovirus,195
comparative,194
primary,194
therapeutic,193
medical,193
screening,193
mrna,192
laboratory,192
chronic,189
common,188
strains,188
strategies,186
injury,185
adults,184
one,182
pigs,182
mechanisms,182
natural,182
critical,181
patterns,181
healthcare,180
target,180
amplification,178
epidemiological,178
site,178
united,177
isolation,177
reproductive,177
rotavirus,176
south,175
nucleocapsid,175
mechanism,174
within,174
chinese,171
reverse,171
apoptosis,171
assessment,170
resistance,170
calves,169
trial,169
therapy,169
application,168
generation,166
vector,166
international,166
central,166
africa,165
patient,164
sequences,163
required,162
hospitalized,161
epitope,161
airway,161
contact,160
challenges,159
conserved,159
what,159
transmissible,158
e,158
regulates,158
inflammation,157
mortality,156
states,156
wuhan,156
controlled,155
dogs,155
rhinovirus,155
methods,154
frameshifting,154
experimental,154
induction,154
independent,152
diagnostic,152
report,152
surface,152
zoonotic,152
systems,152
assembly,151
family,151
envelope,151
hong,150
life,150
who,150
kong,150
changes,149
isolated,149
insights,149
protects,149
angiotensin,149
three,148
stress,148
prediction,148
saudi,147
west,147
ribosomal,147
world,146
dendritic,146
can,146
modeling,146
linked,145
recombination,145
severity,145
evolutionary,145
terminal,144
ii,144
low,144
group,144
encephalitis,144
profiling,143
macrophages,143
susceptibility,143
lessons,143
workers,143
strategy,143
challenge,143
quantitative,143
growth,143
rats,142
emergence,142
particles,141
preparedness,141
medicine,140
mammalian,140
stem,139
future,139
potent,137
enterovirus,137
enhanced,136
l,135
major,135
cytokine,135
pathways,134
survey,134
current,134
acquired,133
lethal,133
receptors,133
cohort,133
arabia,133
inhibitor,133
translation,133
agents,133
features,133
neonatal,132
years,132
cats,132
complete,132
regulatory,131
autophagy,131
broad,131
essential,131
d,131
loop,130
kinase,130
delivery,129
method,129
efficient,129
multiplex,129
hemagglutinin,129
g,128
age,128
identifies,128
prospective,127
free,127
plasma,127
serum,126
samples,126
social,126
resistant,126
genomes,126
year,125
live,125
il,125
roles,124
tumor,124
lower,124
distinct,124
networks,123
promotes,123
formation,123
expressing,121
nucleic,121
wild,121
epidemics,121
immunodeficiency,121
national,121
involved,121
enhances,120
how,120
investigation,120
positive,120
rnas,120
tuberculosis,119
wide,119
brain,118
results,118
active,118
tissue,118
targets,118
asthma,117
sensitive,117
nonstructural,116
this,116
virulence,116
nervous,116
selected,115
norovirus,115
outcomes,115
transmembrane,115
be,115
self,115
important,115
taiwan,115
phylogenetic,114
randomized,114
metagenomic,114
spectrum,114
meta,114
properties,114
recent,113
driven,113
ifn,113
co,113
metapneumovirus,112
retrospective,112
rabies,112
exposure,112
origin,112
humans,111
pediatric,111
large,111
nasal,111
rt,110
functions,110
mutations,110
mass,109
signal,109
cleavage,109
coli,109
peptides,109
testing,108
drugs,108
temporal,108
upper,107
differential,107
african,107
issue,107
assays,107
applications,107
under,106
immunization,106
throughput,105
proteomic,105
term,105
cattle,105
next,105
tool,105
levels,105
activities,104
recognition,104
variants,103
causes,103
populations,103
selection,103
structures,102
encephalomyelitis,102
mapping,102
effectiveness,101
transcriptome,101
alpha,101
direct,101
strand,101
infants,100
transcriptional,100
processing,100
liver,100
effective,99
phase,99
chikungunya,99
amino,99
chain,99
safety,99
antigens,98
intestinal,98
genomics,98
distribution,98
systemic,98
healthy,97
herpes,97
attenuated,97
isothermal,97
media,97
golgi,97
plant,97
neutralization,97
determinants,97
camels,97
information,97
knowledge,96
malaria,96
significant,95
field,95
approaches,94
biological,94
intracellular,94
enteric,94
variant,93
escherichia,93
we,93
synthetic,92
equine,92
cycle,92
adult,91
nucleotide,91
versus,91
culture,91
basis,91
interventions,91
oral,91
immunogenicity,91
biology,90
multi,90
department,90
level,90
simplex,90
de,90
interfering,89
republic,89
air,89
targeted,89
nuclear,89
death,89
persistence,89
increased,89
mutation,88
domains,88
memory,88
modelling,88
seasonal,87
class,87
double,87
state,87
endoplasmic,87
cytomegalovirus,87
reticulum,87
hemorrhagic,87
revealed,87
measures,87
molecule,87
activated,87
combined,86
rat,86
mucosal,86
etiology,86
bocavirus,86
sites,86
sclerosis,86
diverse,86
negative,85
sectional,85
due,85
does,85
estimation,85
post,85
japanese,85
may,84
ubiquitin,84
microbiota,84
countries,84
comprehensive,84
transplant,84
flu,84
test,84
southern,84
localization,84
canada,84
protocol,84
more,84
converting,83
platform,83
incidence,83
old,83
inhibit,83
epitopes,83
interest,83
suppresses,83
findings,83
practice,82
vaccinia,82
persistent,82
containing,82
secondary,82
perspective,82
specificity,81
whole,81
province,81
key,81
defective,81
caused,81
antimicrobial,81
up,81
support,81
bacteria,81
quality,81
isolates,81
coding,81
than,81
proteases,81
herpesvirus,81
scale,80
young,80
survival,80
differences,80
temperature,80
general,80
microbial,80
framework,80
serological,80
stability,79
european,79
variation,79
cytoplasmic,79
electron,79
leukemia,78
possible,78
articles,78
four,78
core,78
parvovirus,78
monitoring,78
candidate,78
it,78
piglets,77
microarray,77
environmental,77
induce,77
parameters,77
antigenic,77
translational,77
dual,77
profiles,77
advances,77
western,77
macrophage,77
pneumoniae,77
chicken,77
failure,77
number,77
broadly,77
identified,76
lectin,76
proteomics,76
understanding,76
adaptive,76
nasopharyngeal,76
influence,76
japan,75
panel,75
infectivity,75
dromedary,75
mediates,75
profile,75
virome,75
therapeutics,75
distress,75
have,75
pre,74
spatial,74
acids,74
identify,74
travel,74
chickens,74
rhesus,74
macaques,74
reaction,74
performance,74
reactive,73
papain,73
hematopoietic,73
domestic,73
mycoplasma,73
status,73
without,73
transplantation,73
interleukin,73
animals,73
resource,73
editors,73
preliminary,72
alveolar,72
mouth,72
foot,72
environment,72
burden,72
regions,72
expressed,72
beta,72
history,72
chemical,72
threat,72
febrile,72
modified,71
differentiation,71
modulation,71
symptoms,71
reveal,71
full,71
qualitative,71
detecting,71
vectors,71
size,71
transport,70
trends,70
capsid,70
immunosorbent,70
singapore,70
science,70
do,70
prevent,70
genetics,70
tissues,70
lipid,69
o,69
pathogenicity,69
capacity,69
brazil,69
fatal,69
experience,69
promote,69
mosaic,69
open,68
relationship,68
simulation,68
microscopy,68
predicting,68
rate,68
city,68
center,68
hospitals,68
change,68
deep,67
x,67
shedding,67
genotype,67
cat,67
degradation,67
intensive,67
thailand,67
dose,67
cold,66
literature,66
has,66
nanoparticles,66
hla,66
suppression,66
estimating,66
release,66
tropism,66
database,66
resolution,66
specimens,66
cause,65
both,65
glycoproteins,65
unique,65
usage,65
fibrosis,65
peritonitis,65
reovirus,65
towards,65
outcome,65
policy,65
dynamic,65
analyses,64
organization,64
mathematical,64
subgenomic,64
kidney,64
combination,64
pathology,64
deficiency,64
ct,64
length,64
diagnostics,64
assessing,64
complexes,64
stranded,64
threats,63
cis,63
stimulated,63
measles,63
nile,63
north,63
residues,63
learning,63
crystal,63
regulating,63
preventing,63
line,63
update,63
yeast,63
agent,63
proteome,63
particle,62
about,62
replicase,62
local,62
over,62
alternative,62
m,62
pattern,62
stage,62
subunit,62
peripheral,62
practices,62
us,62
antibiotic,62
perspectives,62
guidelines,62
codon,62
integrated,61
fecal,61
rig,61
range,61
web,61
improved,61
validation,61
sepsis,60
endothelial,60
action,60
inactivated,60
epidemiologic,60
developing,60
tertiary,60
learned,60
imaging,59
identifying,59
kenya,59
beijing,59
vesicular,59
prevents,59
ubiquitination,59
encoded,59
events,59
end,59
importance,59
reduces,59
reference,59
across,59
urban,59
progress,59
reproduction,59
program,59
virulent,59
demyelination,59
nosocomial,59
sialic,58
r,58
asia,58
mycobacterium,58
deficient,58
unit,58
toward,58
training,58
humoral,58
poly,58
interference,58
point,58
restricts,58
collaborative,58
consensus,58
technology,57
transgenic,57
exacerbations,57
reduce,57
when,57
circulating,57
diarrhoea,57
parainfluenza,57
deletion,57
dairy,57
display,57
rural,57
mitochondrial,57
restriction,57
interacts,57
recruitment,56
hand,56
divergent,56
detected,56
toll,56
ligand,56
metagenomics,56
virion,56
series,56
adaptation,55
simultaneous,55
suspected,55
chimeric,55
borne,55
inactivation,55
insertion,55
need,55
increases,55
poultry,55
pig,55
programmed,55
observational,55
polymorphisms,55
immunoglobulin,54
dc,54
stomatitis,54
lineage,54
enhancement,54
deltacoronavirus,54
randomised,54
pro,54
element,54
vietnam,54
load,54
asymptomatic,54
imported,54
leads,54
requires,54
security,54
protect,54
primate,54
fidelity,54
contributes,54
transcriptomic,53
transmitted,53
individuals,53
selective,53
all,53
serotype,53
damage,53
gamma,53
used,53
involvement,53
compounds,53
mutants,53
cysteine,53
defense,53
pedv,53
circovirus,53
statistical,52
escape,52
initiation,52
congo,52
confirmed,52
nf,52
regulated,52
astrovirus,52
inhibitory,52
myeloid,52
period,52
binds,52
guide,52
accumulation,52
lymphocyte,52
basic,52
silico,52
main,52
setting,52
autoimmune,52
altered,52
rnase,52
automated,52
january,51
flavivirus,51
molecules,51
intervention,51
heterologous,51
sign,51
extract,51
traditional,51
extracellular,51
polymorphism,51
modulates,51
rates,51
characterisation,51
substrate,51
february,51
exacerbation,51
pseudoknot,51
corona,51
calf,51
eastern,50
chemokine,50
attenuates,50
oxide,50
helicase,50
individual,50
ph,50
neutrophil,50
attachment,50
reduced,50
building,50
cluster,50
biomarkers,50
recovery,50
simple,50
aged,50
settings,50
propagation,50
biochemical,50
sets,50
cytotoxic,50
beyond,50
netherlands,50
iii,50
re,50
killer,50
predict,50
streptococcus,49
bronchiolitis,49
invasion,49
sirna,49
transfer,49
intranasal,49
lines,49
lymphocytes,49
acting,49
recipients,49
motif,49
efficiency,49
nidovirus,49
europe,49
pilot,49
variable,49
absence,48
improving,48
heterogeneity,48
focus,48
derivatives,48
phage,48
conditions,48
trans,48
migration,48
bird,48
renal,48
computational,48
promoter,48
nipah,48
korean,48
correlation,48
school,48
matrix,48
enveloped,48
canadian,47
facilitates,47
five,47
contribute,47
encoding,47
elements,47
society,47
newcastle,47
primates,47
detect,47
australia,47
rsv,47
short,47
men,47
household,47
virology,46
conformational,46
ebolavirus,46
overview,46
childhood,46
stochastic,46
ferrets,46
metabolism,46
provides,46
cytokines,46
tests,46
airborne,46
improve,46
people,46
coupled,46
spectrometry,46
step,46
american,46
eukaryotic,46
correlates,45
susceptible,45
la,45
valley,45
triggering,45
causing,45
establishment,45
secretion,45
mutant,45
syndromic,45
loss,45
recommendations,45
cns,45
interface,45
cryo,45
opportunities,45
fluid,45
random,45
complement,45
personal,45
frameshift,45
chest,45
polyomavirus,45
uk,45
immunological,45
including,45
crucial,45
presentation,44
integration,44
newly,44
perceptions,44
microarrays,44
affinity,44
products,44
purification,44
trafficking,44
proteolytic,44
progression,44
reading,44
implementation,44
microbiome,44
putative,44
ill,44
risks,44
made,44
copd,43
upon,43
quarantine,43
past,43
ontario,43
signature,43
u,43
critically,43
carcinoma,43
reducing,43
equipment,43
heart,43
complexity,43
psychological,43
light,43
staff,43
present,43
camel,43
presence,43
aerosol,43
preparation,43
arthritis,43
initial,43
glycans,43
no,43
adp,43
geographic,43
cost,43
utilization,43
source,43
composition,43
hygiene,43
students,43
inducible,42
which,42
cultures,42
types,42
treated,42
index,42
tools,42
communication,42
seroprevalence,42
commercial,42
rift,42
metabolic,42
novo,42
process,42
extraction,42
frame,42
optimal,42
peptidase,42
library,42
parallel,42
p,42
subtype,42
enhance,42
fruit,42
papillomavirus,42
heat,41
markers,41
child,41
simian,41
significance,41
infant,41
tropical,41
enhancing,41
usa,41
clearance,41
transcripts,41
naturally,41
aminopeptidase,41
dog,41
compound,41
ferret,41
betacoronavirus,41
engineering,41
ifitm,41
candidates,41
course,41
reporting,41
pathological,41
controls,41
evasion,41
soluble,41
wildlife,41
glycosylation,41
staphylococcus,41
lack,41
proliferation,41
mosquitoes,41
ms,40
act,40
promoting,40
fluorescent,40
chimpanzee,40
blocking,40
quadruplex,40
neuronal,40
nanoparticle,40
families,40
homologous,40
zoonoses,40
packaging,40
plays,40
poliovirus,40
assess,40
pregnancy,40
necrosis,40
behavior,40
fast,40
igg,40
probes,40
vesicles,40
vectored,40
variations,40
reduction,40
mhv,40
capture,40
disorder,40
alters,40
genotypes,40
sampling,40
lassa,40
inferring,40
india,40
dysfunction,40
hcv,40
season,40
adjuvant,40
adhesion,40
signals,40
determinant,40
mediate,40
genetically,40
cardiac,40
relevant,40
gastrointestinal,40
signatures,39
regulate,39
contacts,39
cyclophilin,39
disorders,39
nucleoprotein,39
nitric,39
late,39
cultured,39
plus,39
exploring,39
perception,39
administration,39
therapies,39
gut,39
intrinsic,39
homeostasis,39
benchmark,39
veterinary,39
internal,39
untranslated,39
mir,39
immunopathology,39
motifs,39
form,39
clusters,39
immunogenic,39
inducing,39
alphavirus,39
machine,39
bone,39
longitudinal,39
scientific,39
yellow,38
controlling,38
will,38
forecasting,38
evaluating,38
elderly,38
suggests,38
otitis,38
frequency,38
isolate,38
repeat,38
paramyxovirus,38
why,38
arterivirus,38
reservoirs,38
endogenous,38
correction,38
pandemics,38
seasonality,38
limited,38
presenting,38
dipeptidyl,38
gag,38
affects,38
oligonucleotide,38
activating,38
marker,38
head,38
bioinformatics,38
illnesses,38
antitumor,38
experimentally,38
italy,38
effector,37
diabetes,37
classification,37
engineered,37
hajj,37
salmonella,37
barrier,37
trials,37
neurons,37
provide,37
trade,37
improves,37
universal,37
unknown,37
big,37
interplay,37
multicenter,37
affect,37
mainland,37
bangladesh,37
kinetics,37
six,37
adenoviral,37
channel,37
restricted,37
nonhuman,37
area,37
sensing,37
australian,37
meeting,37
pan,37
toxoplasma,37
should,37
symptom,37
regional,37
occupational,37
robust,36
proteasome,36
farm,36
farms,36
livestock,36
neurotropic,36
calicivirus,36
neural,36
special,36
recombinase,36
fitness,36
mannose,36
markets,36
mobility,36
sensitivity,36
birth,36
economic,36
demyelinating,36
endosomal,36
variability,36
planning,36
cystic,36
unfolded,36
cdna,36
ventilation,36
era,36
optimization,36
attenuation,36
obstructive,36
phenotype,36
aureus,36
changing,36
zinc,36
intermediate,36
hybridization,36
bayesian,36
out,36
annual,35
brief,35
varying,35
exhaustive,35
microglia,35
directed,35
reactivity,35
hosts,35
membranes,35
comparing,35
regulations,35
modification,35
spreading,35
biosynthesis,35
atypical,35
serologic,35
limits,35
barr,35
asian,35
enteritis,35
normal,35
theiler,35
plasmacytoid,35
tailor,35
toxin,35
prospeccts,35
kawasaki,35
integrating,35
incubation,35
inhibiting,35
proteinase,35
epstein,35
needs,35
leader,35
germany,35
stimulation,35
mrnas,34
aspects,34
retention,34
mild,34
responsible,34
osteonecrosis,34
arenavirus,34
noncoding,34
biomarker,34
recurrent,34
baculovirus,34
antivirals,34
epithelium,34
prrsv,34
neuraminidase,34
quantifying,34
hospitalised,34
monocyte,34
phosphate,34
pregnant,34
attitudes,34
manifestations,34
directly,34
chloroquine,34
travelers,34
tail,34
virions,34
circulation,34
mammals,34
search,34
mental,34
thrombocytopenia,34
determines,34
sample,34
histocompatibility,34
technologies,34
stable,34
swabs,33
gondii,33
determine,33
quantification,33
coinfection,33
integrative,33
green,33
introduction,33
h,33
er,33
century,33
evolutionarily,33
vulnerability,33
estimate,33
negatively,33
communities,33
aging,33
secretory,33
aids,33
mhc,33
microrna,33
classical,33
screen,33
birds,33
mosquito,33
sex,32
decision,32
sputum,32
distance,32
treating,32
cholesterol,32
polyprotein,32
tnf,32
defensin,32
immunocompromised,32
triggers,32
hepatic,32
regulator,32
ecological,32
respirators,32
crisis,32
outside,32
rich,32
relative,32
predictive,32
invasive,32
endemic,32
duck,32
machinery,32
priming,32
context,32
lactobacillus,32
gain,32
cap,32
programs,32
components,32
arrest,32
landscape,32
adjuvanted,32
sub,31
work,31
well,31
studying,31
emergencies,31
substitution,31
dominant,31
utility,31
dimerization,31
serotypes,31
phosphorylation,31
trna,31
contains,31
tracing,31
shock,31
enzymes,31
produced,31
aetiology,31
torovirus,31
rotaviruses,31
home,31
cathepsin,31
modulating,31
clone,31
neglected,31
bound,31
extracts,31
impairs,31
neuron,31
increase,31
expansion,31
online,31
onset,31
link,31
generated,31
granules,31
issues,31
hospitalization,31
france,31
only,30
reservoir,30
shows,30
producing,30
uses,30
toronto,30
oxidative,30
shaped,30
maternal,30
algorithm,30
northern,30
f,30
internet,30
fragments,30
blocks,30
beef,30
border,30
interacting,30
allergic,30
body,30
lambda,30
news,30
collection,30
filovirus,30
expanding,30
hsv,30
bacteriophage,30
passive,30
transmissibility,30
isoform,30
higher,30
pilgrims,30
digital,30
base,30
conference,30
food,30
liquid,30
winter,30
hendra,30
candida,30
associations,30
methyltransferase,30
sarcoma,30
similar,30
block,30
mutagenesis,30
microbiology,29
transcriptase,29
rhinoviruses,29
military,29
inference,29
consequences,29
communicable,29
down,29
accessory,29
surgical,29
contribution,29
descriptive,29
lesions,29
depletion,29
density,29
lymph,29
ion,29
malaysia,29
second,29
similarity,29
map,29
intra,29
dissemination,29
reported,29
maturation,29
pacific,29
serial,29
tobacco,29
increasing,29
renin,29
morbidity,29
facilities,29
white,29
astrocytes,29
poor,29
widespread,29
architecture,29
endocytosis,29
play,29
value,29
vaccinated,29
organ,29
households,29
crispr,29
ray,29
professionals,29
flow,29
day,29
relationships,29
determination,29
helicases,29
awareness,29
overlapping,29
water,28
glycan,28
sodium,28
subgroup,28
skin,28
containment,28
access,28
preventive,28
cryptosporidium,28
esterase,28
axis,28
gnotobiotic,28
origins,28
conventional,28
placebo,28
lungs,28
experiences,28
immunoassay,28
balb,28
spinal,28
estimates,28
accurate,28
marrow,28
influences,28
rubella,28
fight,28
cytosolic,28
hantavirus,28
monocytes,28
clustering,28
rabbit,28
immunotherapy,28
pseudomonas,28
fatality,28
university,28
nk,28
fragment,28
falciparum,28
fluorescence,28
prophylactic,28
resources,28
promising,28
infecting,28
array,28
facilitate,28
ecology,28
transition,27
successful,27
activates,27
ability,27
herpesviral,27
impacts,27
insight,27
techniques,27
cough,27
immunology,27
guinea,27
cord,27
interferons,27
herds,27
tick,27
hypertension,27
vitamin,27
kingdom,27
serine,27
known,27
elicit,27
sierra,27
construction,27
alterations,27
micro,27
microorganisms,27
gii,27
education,27
flaviviral,27
elimination,27
breast,27
better,27
concept,27
concentration,27
nigeria,27
endoribonuclease,27
areas,27
arteritis,27
nucleolar,27
nursing,27
silencing,27
residents,27
coxsackievirus,27
smallpox,27
some,27
dimensional,27
bronchial,27
strengthening,27
leone,27
macaque,27
extended,26
symptomatic,26
still,26
device,26
progenitor,26
virological,26
germline,26
face,26
ibv,26
expert,26
exposed,26
potentially,26
partial,26
steroid,26
numbers,26
persons,26
ghana,26
women,26
plants,26
organisms,26
precursor,26
disaster,26
stages,26
requirements,26
march,26
mechanistic,26
sera,26
members,26
drivers,26
insect,26
traits,26
groups,26
follow,26
milk,26
necessary,26
space,26
remodeling,26
relevance,26
monkeys,26
improvement,26
depends,26
red,26
locus,26
graph,26
macro,26
embedding,26
jhm,26
collected,26
artificial,26
clostridium,26
cardiovascular,26
antisense,26
concentrations,26
accounting,26
agenda,26
behaviors,26
abstracts,26
back,26
arab,26
bind,26
antagonist,25
moving,25
less,25
femoral,25
box,25
house,25
phosphatidylinositol,25
antagonism,25
characterizing,25
akt,25
phylogeny,25
terminus,25
modifications,25
transportation,25
making,25
marburg,25
server,25
services,25
manner,25
disulfide,25
available,25
sentinel,25
dispersion,25
medicines,25
modulate,25
sense,25
climate,25
blind,25
personnel,25
french,25
plague,25
sources,25
budding,25
syrian,25
collaboration,25
hubei,25
implication,25
indian,25
compartment,25
elicits,25
deubiquitinating,25
supports,25
rapidly,25
wheezing,25
rational,25
ribavirin,25
oligomers,25
america,25
prophylaxis,25
asthmatic,25
orthoreovirus,25
confers,25
repair,25
ards,25
necrotizing,25
annotation,25
outpatient,24
virtual,24
ongoing,24
residue,24
delivered,24
electronic,24
seasons,24
reports,24
delta,24
sequential,24
reporter,24
various,24
mask,24
dehydrogenase,24
enzymatic,24
endocytic,24
founder,24
nationwide,24
neighborhood,24
colonization,24
nanopore,24
routes,24
rodents,24
rodent,24
combining,24
newborn,24
etiologic,24
conservation,24
muscle,24
ethical,24
compared,24
alteration,24
movement,24
biogenesis,24
paediatric,24
mononuclear,24
python,24
occurrence,24
gland,24
repertoire,24
glial,24
highlights,24
sting,24
albicans,24
stimulates,24
tgev,24
perturbation,24
carcinoembryonic,24
herbal,24
lentiviral,24
determining,24
stationarity,24
shift,24
horses,24
suppress,24
way,24
physicians,24
aeruginosa,24
solution,24
product,24
hydrophobic,24
kaposi,24
incorporating,24
hcov,24
distemper,24
determined,24
arenaviruses,24
pneumococcal,24
magnetic,24
griffithsin,24
disruption,24
strong,24
perceived,24
sharing,24
marine,24
exchange,23
affecting,23
spatiotemporal,23
develop,23
egypt,23
caspase,23
neurologic,23
behavioral,23
neutrophils,23
tyrosine,23
event,23
immunocompetent,23
quercetin,23
project,23
interval,23
subcellular,23
outpatients,23
crimean,23
venezuelan,23
pipeline,23
older,23
questionnaire,23
inoculation,23
colony,23
plasmodium,23
occurs,23
inter,23
interactome,23
admitted,23
prospects,23
compliance,23
polypeptide,23
incorporation,23
duration,23
platelet,23
signalling,23
biosafety,23
living,23
predicts,23
translocation,23
forest,23
theory,23
forming,23
minus,23
accuracy,23
secretions,23
morpholino,23
brome,23
mexico,23
clinically,23
abundance,23
pressure,23
boost,23
prime,23
tombusvirus,23
mapk,23
alignment,23
hybrid,23
docking,23
pharmaceutical,23
phenotypic,23
k,23
extensive,23
bias,23
humanized,23
kinases,23
faecal,23
practical,23
truncated,23
differentially,23
des,23
feces,23
feed,23
laboratories,23
situ,23
heterogeneous,23
vimentin,23
dsrna,22
ovarian,22
part,22
person,22
diet,22
deubiquitinase,22
physical,22
folding,22
elisa,22
aerosols,22
chip,22
template,22
sindbis,22
lectins,22
latest,22
lamp,22
call,22
know,22
activator,22
sorting,22
spatio,22
sustained,22
granule,22
survivors,22
spp,22
centre,22
investigating,22
impaired,22
steps,22
subtypes,22
subjects,22
indirect,22
injection,22
catalytic,22
chromatin,22
maintenance,22
muscular,22
em,22
concern,22
complications,22
nurses,22
retroviral,22
retrovirus,22
export,22
coiled,22
feasibility,22
safe,22
triggered,22
shanghai,22
multifunctional,22
forward,22
transcriptomics,22
fungal,22
genus,22
tomography,22
gi,22
manipulation,22
go,22
managing,22
good,22
convalescent,22
stroke,22
predictors,22
crystallization,22
democratic,22
astroviruses,22
predicted,22
preparing,22
worldwide,22
where,22
could,22
cynomolgus,22
qpcr,22
pseudoknots,22
disseminated,21
antigenicity,21
autoimmunity,21
island,21
intact,21
agricultural,21
ligands,21
forms,21
reconstruction,21
scientists,21
disrupts,21
member,21
methodology,21
tracking,21
cytotoxicity,21
measurement,21
genotyping,21
clade,21
bordetella,21
contamination,21
lipopolysaccharide,21
clathrin,21
sensors,21
medicinal,21
updated,21
nucleoside,21
pertussis,21
mixed,21
mitogen,21
enables,21
divergence,21
example,21
round,21
near,21
another,21
extracorporeal,21
sulfate,21
synergistic,21
view,21
exploration,21
nerve,21
rnai,21
rabbits,21
cryptosporidiosis,21
neurological,21
facility,21
paradigm,21
november,21
leaf,21
led,21
hbv,21
organelles,21
procalcitonin,21
j,21
switching,21
sufficient,21
filmarray,21
polarized,21
resident,21
ribonucleoprotein,21
saccharomyces,21
our,21
mavs,21
conformation,21
oligonucleotides,21
atpase,21
hamster,21
glycyrrhizin,21
cholera,21
lsectin,21
surfaces,21
energy,21
analogues,21
resequencing,21
iran,21
uptake,21
principles,21
picornavirus,21
masks,21
there,21
centers,21
coverage,21
ribose,20
antibacterial,20
v,20
igm,20
approved,20
immunomodulatory,20
mink,20
transfusion,20
probe,20
cloning,20
ethics,20
behaviour,20
eye,20
resonance,20
hepatocytes,20
advanced,20
influencing,20
haemophilus,20
prepared,20
adapted,20
collagen,20
visual,20
compartments,20
replicative,20
chemistry,20
historical,20
coinfections,20
law,20
ruminants,20
symposium,20
siv,20
tetherin,20
definition,20
integrin,20
emirates,20
male,20
processes,20
pancreatic,20
emergent,20
returning,20
spillover,20
great,20
chaperone,20
situation,20
units,20
helicobacter,20
gastric,20
plasmid,20
hemagglutinating,20
dystrophy,20
unusual,20
bacillus,20
vsv,20
prognostic,20
discontinuous,20
they,20
pseudorabies,20
pkr,20
cerevisiae,20
generates,20
elongation,20
june,20
neurovirulence,20
neuropathogenesis,20
anemia,20
suis,20
exhibit,20
corticosteroids,20
supplementation,20
ameliorates,20
helper,20
encodes,20
pseudotyped,20
dietary,20
many,20
extent,20
presentations,20
standard,20
elevated,20
interspecies,20
allogeneic,20
weight,20
decreased,20
ratio,20
mesenchymal,20
polymerases,20
lymphoid,19
joint,19
coil,19
computed,19
drive,19
california,19
routine,19
feature,19
bibliometric,19
parasites,19
guidance,19
removal,19
outer,19
growing,19
proinflammatory,19
precautions,19
macrodomain,19
guideline,19
lymphocytic,19
duchenne,19
contributions,19
thermal,19
sp,19
journal,19
vascular,19
panthera,19
qatar,19
aptamers,19
activate,19
statement,19
ribosome,19
rare,19
paramyxoviruses,19
right,19
dromedaries,19
suckling,19
cpg,19
exercise,19
responding,19
component,19
brazilian,19
clinic,19
limiting,19
further,19
repurposing,19
microglial,19
segment,19
black,19
optimized,19
defines,19
close,19
screens,19
prioritization,19
bluetongue,19
nucleolus,19
herd,19
airport,19
prostate,19
chlamydia,19
reassortant,19
tgf,19
mechanical,19
enhancer,19
difficile,19
signs,19
directions,19
helical,19
pharmacological,19
glucose,19
country,19
upstream,19
heptad,19
calcium,19
treat,19
requiring,19
proteolysis,19
undergoing,19
bronchoalveolar,19
defining,19
endosome,19
predictions,19
shape,19
swab,19
adenoviruses,19
closure,19
weaned,19
idiopathic,19
protecting,19
fibroblasts,19
efficiently,19
pd,19
salmon,19
diarrheic,19
considerations,19
affected,18
niche,18
before,18
ritonavir,18
surgery,18
apolipoprotein,18
specifically,18
programme,18
env,18
et,18
egg,18
ischemic,18
corner,18
optic,18
being,18
super,18
spleen,18
result,18
occurring,18
apoptotic,18
investigations,18
working,18
nmr,18
ribosylation,18
mother,18
proximal,18
biosecurity,18
carrier,18
monkey,18
lopinavir,18
show,18
differentiated,18
platforms,18
hamsters,18
flaviviruses,18
previously,18
mammary,18
malignancies,18
bioterrorism,18
income,18
feeding,18
discrete,18
discovered,18
linear,18
methylation,18
xtag,18
fulminant,18
frequent,18
marked,18
transferrin,18
distributed,18
vivax,18
foreign,18
typing,18
aggregation,18
gp,18
stop,18
mutational,18
colorectal,18
kinetic,18
external,18
room,18
infiltration,18
crystallographic,18
prior,18
inflammasome,18
priorities,18
conjugates,18
sheep,18
defects,18
road,18
vero,18
impairment,18
administered,18
trivalent,18
picornaviruses,18
policies,18
trypsin,18
fat,18
internalization,18
characterize,18
kit,18
solid,18
hematological,17
circuits,17
lion,17
suppressor,17
encephalopathy,17
service,17
urinary,17
sendai,17
melanoma,17
daily,17
nucleus,17
worker,17
broiler,17
matter,17
materials,17
luminex,17
primer,17
titer,17
barriers,17
benefit,17
mobile,17
restrictions,17
potently,17
lacking,17
multicentre,17
homology,17
labeling,17
node,17
preclinical,17
evaluated,17
poxvirus,17
route,17
rice,17
meningitis,17
nature,17
decrease,17
evolving,17
southeast,17
junction,17
synonymous,17
examining,17
uganda,17
colostrum,17
tree,17
fish,17
lavage,17
biomedical,17
allergy,17
canonical,17
microfluidic,17
searching,17
letter,17
competent,17
force,17
legal,17
erk,17
mode,17
sweden,17
chemokines,17
underlying,17
plan,17
traumatic,17
lead,17
rhabdoviridae,17
switch,17
communications,17
multigene,17
modulators,17
intelligence,17
drives,17
regarding,17
pakistan,17
cdc,17
physiology,17
released,17
was,17
order,17
driving,17
pain,17
editor,17
rafts,17
stool,17
para,17
suggest,17
quiz,17
persistently,17
continuous,17
dr,17
vs,17
radix,17
viroporin,17
adverse,17
balance,17
embryonic,17
inform,17
carbohydrate,17
deployable,17
elicited,17
diabetic,17
travellers,16
passage,16
subunits,16
northeastern,16
coupling,16
latent,16
points,16
parvum,16
egyptian,16
reply,16
mitigation,16
iv,16
options,16
probing,16
found,16
agonist,16
leo,16
epithelia,16
benefits,16
sciences,16
alphacoronavirus,16
leishmania,16
transporter,16
iterative,16
uncovers,16
orf,16
monkeypox,16
tandem,16
parasitic,16
procedures,16
ankara,16
ex,16
zoster,16
synthase,16
very,16
humidity,16
spain,16
twenty,16
version,16
qtl,16
rhabdoviruses,16
experiments,16
combat,16
pa,16
countermeasures,16
art,16
just,16
neuroinflammation,16
exosomes,16
relation,16
q,16
captive,16
projections,16
mucosa,16
same,16
dead,16
feb,16
complementary,16
etiologies,16
fatty,16
parasite,16
drop,16
na,16
effectively,16
replacement,16
jordan,16
native,16
commentary,16
lymphoma,16
volunteers,16
congress,16
ha,16
brown,16
furin,16
subsequent,16
obesity,16
rattus,16
diplomacy,16
metal,16
government,16
recognizing,16
ocular,16
hemifusion,16
adjuvants,16
alcohol,16
description,16
philippines,16
hematologic,16
england,16
immediate,16
gel,16
difference,16
acetyl,16
reassortment,16
indonesia,16
generate,16
infancy,16
times,16
upregulation,16
rescue,16
ten,16
validated,16
acidic,16
loci,16
recruits,16
enable,16
catalysis,16
lysosomal,16
micrornas,16
your,16
despite,16
microbiological,16
aedes,16
choice,16
ciliary,16
heparan,16
warning,16
choriomeningitis,16
developed,16
fully,16
subset,16
proposal,16
ires,16
applied,16
shutoff,15
productive,15
regulators,15
purified,15
zhejiang,15
globally,15
polio,15
read,15
anticancer,15
acts,15
nepal,15
acvim,15
exoribonuclease,15
guangdong,15
remdesivir,15
shared,15
cows,15
experts,15
madagascar,15
immunosuppression,15
graft,15
watch,15
di,15
diagnosed,15
knockout,15
man,15
cambodia,15
college,15
rejection,15
duplex,15
accessibility,15
carriage,15
intercept,15
market,15
alzheimer,15
tracheal,15
learn,15
methicillin,15
lineages,15
traffic,15
scanning,15
independently,15
refractory,15
modulated,15
taxonomic,15
modern,15
ca,15
visualization,15
secreting,15
secreted,15
scoping,15
subsets,15
transient,15
insulin,15
volume,15
transduction,15
mimicry,15
leukocyte,15
recognized,15
month,15
months,15
zealand,15
massive,15
fc,15
mva,15
geographical,15
decade,15
corticosteroid,15
label,15
redox,15
multiplexed,15
alter,15
trend,15
holstein,15
morphogenesis,15
significantly,15
generating,15
topology,15
trees,15
published,15
pol,15
sensor,15
help,15
semliki,15
gaps,15
gammaherpesvirus,15
around,15
shelter,15
exhibits,15
surveys,15
established,15
revisited,15
noroviruses,15
adeno,15
endonuclease,15
usefulness,15
vaccinology,15
oncolytic,15
endosomes,15
sumo,15
overexpression,15
ontology,15
cancers,15
arabian,15
niclosamide,15
uncertainty,15
delayed,15
enterocolitis,15
involving,15
optimizing,15
varicella,15
enteroviruses,15
qx,15
oligomerization,15
jnk,15
nss,15
supporting,15
immunochromatographic,15
refinement,14
electrophoresis,14
autophagic,14
formalin,14
closely,14
amyloid,14
closed,14
uniform,14
pteropus,14
splicing,14
immunodominant,14
distinguishing,14
subsp,14
moderate,14
norvegicus,14
doctors,14
chains,14
prolonged,14
deaths,14
precision,14
saliva,14
antagonizes,14
switzerland,14
so,14
rhinitis,14
replicon,14
en,14
comorbidities,14
days,14
regression,14
specificities,14
treatments,14
lateral,14
taqman,14
oriented,14
donor,14
dissecting,14
coastal,14
flock,14
subtyping,14
arboviruses,14
stimulating,14
intravenous,14
prone,14
reprogramming,14
makes,14
initiative,14
serovar,14
timing,14
useful,14
computer,14
gold,14
golden,14
quasispecies,14
off,14
computing,14
ranging,14
attitude,14
lupus,14
transcriptomes,14
throat,14
make,14
provider,14
lycorine,14
empirical,14
greater,14
designed,14
concepts,14
designing,14
gs,14
plaque,14
were,14
glaucoma,14
respirator,14
cytoplasm,14
analytical,14
prescription,14
fuse,14
limit,14
etiological,14
enterica,14
disordered,14
unveils,14
zaire,14
game,14
toxins,14
surrogate,14
isatis,14
asymmetric,14
mediterranean,14
recipient,14
st,14
phenotypes,14
april,14
emc,14
vaca,14
tolerance,14
phospholipase,14
ready,14
massively,14
appropriate,14
confer,14
district,14
edition,14
challenged,14
zone,14
puppies,14
exon,14
advice,14
hospitalizations,14
express,14
ultra,14
pylori,14
nephropathogenic,14
ultraviolet,14
oseltamivir,14
proliferative,14
needed,14
nested,14
versatile,14
ducks,14
immunosuppressive,14
july,14
dental,14
intermediates,14
hpv,14
fear,14
existing,14
ventilated,14
repeated,14
paper,14
ribonuclease,14
potency,14
tag,14
ultrastructural,14
combinations,14
ring,14
exploratory,14
rrna,14
myocarditis,14
probable,13
pentraxin,13
haplotype,13
haplotypes,13
penetration,13
temperatures,13
clinics,13
rehabilitation,13
cationic,13
cervical,13
migrants,13
while,13
set,13
oman,13
atlantic,13
preferences,13
confirmation,13
resveratrol,13
formula,13
phyloinformatics,13
betacoronaviruses,13
interstitial,13
forum,13
agonists,13
mirna,13
cascade,13
power,13
anthrax,13
uninfected,13
turnip,13
spontaneous,13
yet,13
delays,13
standardized,13
look,13
antibiotics,13
rosetta,13
simulations,13
zoonosis,13
pollution,13
y,13
proof,13
bodies,13
responsive,13
contain,13
enrichment,13
pnas,13
deregulated,13
palmitoylation,13
measuring,13
storm,13
balancing,13
airways,13
helix,13
listeria,13
operation,13
disasters,13
applying,13
tumors,13
recently,13
requirement,13
medically,13
top,13
demonstrates,13
respondent,13
progressive,13
squamous,13
clinicians,13
enters,13
restrict,13
reemerging,13
artery,13
conjugation,13
cerebrospinal,13
henipavirus,13
giant,13
fused,13
authors,13
addition,13
axonal,13
concomitant,13
defined,13
stone,13
innovation,13
ancient,13
ectodomain,13
htlv,13
metabolites,13
deletions,13
build,13
seven,13
deleterious,13
leading,13
now,13
understand,13
oxygenation,13
december,13
arrays,13
suitable,13
wu,13
prion,13
plasticity,13
src,13
departments,13
endangered,13
diagnosing,13
oligodendrocyte,13
downregulation,13
skipping,13
errors,13
eight,13
flocks,13
questions,13
nodes,13
paralysis,13
virucidal,13
threshold,13
infects,13
fighting,13
those,13
file,13
oil,13
aptamer,13
originating,13
lair,13
ciliated,13
remyelination,13
bronchiseptica,13
manifestation,13
resilience,13
riyadh,13
decay,13
most,13
find,13
unbiased,13
weaning,13
pigeon,13
exonuclease,13
immunofluorescence,13
oropharyngeal,13
quebec,13
horizontal,13
chemotherapy,13
twitter,13
prognosis,13
assisted,13
fomites,13
correlate,13
lps,13
software,13
accidental,13
anesthesia,13
goats,13
bioterrorist,13
alert,13
fed,13
unexpected,13
shell,13
problem,13
oligodendrocytes,13
guangzhou,13
trimeric,13
facts,13
cotton,13
substrates,13
splenic,13
intestine,13
exit,13
count,13
informed,13
saharan,13
autonomous,13
thoracic,12
priority,12
placental,12
means,12
mediating,12
embl,12
british,12
content,12
third,12
al,12
dimer,12
utilizing,12
vertebrates,12
week,12
statements,12
classes,12
stromal,12
chromosome,12
war,12
surge,12
conformations,12
preterm,12
pairs,12
guided,12
ship,12
th,12
lncrnas,12
anxiety,12
apical,12
experiment,12
october,12
turkey,12
bartonella,12
sewage,12
carrying,12
differentiating,12
ace,12
maps,12
physiological,12
cities,12
emodin,12
hydrogen,12
involves,12
differ,12
position,12
pharmacology,12
wave,12
quadruplexes,12
haemorrhagic,12
best,12
ireland,12
capable,12
observations,12
cooperative,12
exhaled,12
dysregulation,12
pores,12
loads,12
accelerates,12
antiretroviral,12
digestive,12
shenzhen,12
exerts,12
prrs,12
industry,12
expands,12
networking,12
conjugated,12
bench,12
exponential,12
lumpur,12
sudan,12
dispensable,12
partially,12
committee,12
belgium,12
kuala,12
mrsa,12
team,12
prefusion,12
autologous,12
triple,12
lactate,12
episodes,12
define,12
curve,12
congenital,12
dissection,12
spongiform,12
superfamily,12
editorial,12
houttuynia,12
frames,12
papillomaviruses,12
biodefense,12
immunomodulation,12
myelin,12
channels,12
environments,12
cardiomyopathy,12
mixing,12
calcarifer,12
commercially,12
says,12
acquisition,12
histone,12
rules,12
speed,12
nairovirus,12
lates,12
comparisons,12
replicates,12
retroviruses,12
icu,12
colitis,12
integral,12
fails,12
stewardship,12
orally,12
problems,12
inclusion,12
ch,12
heterosubtypic,12
scid,12
sirnas,12
coronary,12
mucus,12
camp,12
signr,12
female,12
salivary,12
seeking,12
metagenomes,12
degeneration,12
microenvironment,12
dyad,12
disinfection,12
airline,12
dependence,12
uncoating,12
fda,12
exacerbated,12
semi,12
ethiopia,12
gap,12
pneumocystis,12
trimer,12
spray,12
melting,12
decreases,12
medium,12
iga,12
total,12
silver,12
demand,12
depression,12
abnormalities,12
recovered,12
viability,12
allosteric,12
aid,12
practitioners,12
complexed,12
actin,12
fetal,12
allograft,12
record,12
kilodalton,12
tracts,12
nucleolin,12
intubation,12
displayed,12
intercellular,12
methyl,12
adolescents,12
immunized,12
behavioural,12
indigotica,12
procedure,11
criteria,11
cameroon,11
histories,11
immunoinformatics,11
latency,11
hypothesis,11
carboxy,11
proposed,11
characterized,11
lasting,11
cryptic,11
tagged,11
hydrochloride,11
ionization,11
lactis,11
success,11
immunohistochemical,11
strategic,11
ions,11
hepatoma,11
hepatocellular,11
ctl,11
harnessing,11
localizes,11
yunnan,11
sulfonated,11
synthetase,11
capturing,11
institute,11
hydroxy,11
linking,11
innovative,11
southwestern,11
inoculated,11
storage,11
protected,11
lipidomic,11
carnivores,11
spot,11
sinensis,11
cannot,11
substitutions,11
ip,11
immunogens,11
tat,11
integrity,11
learnt,11
luciferase,11
taxonomy,11
summary,11
albumin,11
promoters,11
infrastructure,11
probiotic,11
teaching,11
again,11
them,11
sustainable,11
lentivirus,11
adjusted,11
hairpin,11
convergent,11
conferred,11
metrics,11
dry,11
union,11
vietnamese,11
mumps,11
compilation,11
trigger,11
dwarf,11
ablation,11
multidrug,11
analog,11
oxygen,11
polyclonal,11
polyfunctional,11
conflicts,11
demonstration,11
demonstrate,11
transfers,11
editing,11
consecutive,11
academic,11
unifying,11
mediators,11
unfolding,11
gender,11
regius,11
viroporins,11
gatherings,11
bioinformatic,11
coordination,11
viremia,11
selectively,11
myocardial,11
dried,11
messenger,11
mycobacteriophage,11
favors,11
epidermal,11
bioaerosol,11
transformation,11
altering,11
minimal,11
minor,11
embryo,11
coagulation,11
trauma,11
urgent,11
flights,11
flight,11
ball,11
engagement,11
concerns,11
flexibility,11
uv,11
monocytogenes,11
observed,11
also,11
delay,11
fit,11
morphology,11
office,11
elucidates,11
modulator,11
modular,11
foodborne,11
mtor,11
fibronectin,11
efforts,11
organizing,11
cordata,11
formed,11
values,11
pool,11
electrospray,11
vacuolation,11
aaas,11
alphacoronaviruses,11
followed,11
analogs,11
wolbachia,11
opportunity,11
schizophrenia,11
enough,11
donors,11
gathering,11
don,11
establishing,11
primed,11
manatee,11
several,11
reactivation,11
glycyrrhetinic,11
yield,11
serves,11
rhabdovirus,11
normalization,11
tlr,11
phosphatase,11
eps,11
extra,11
atp,11
serve,11
root,11
antioxidative,11
titers,11
continents,11
tunisia,11
did,11
neoromicia,11
lytic,11
examination,11
providers,11
attended,11
ap,11
defensins,11
behind,11
attending,11
expand,11
magnitude,11
york,11
nine,11
attenuate,11
diarrheal,11
breeding,11
amniotic,11
asp,11
costs,11
glioblastoma,11
yersinia,11
records,11
pneumonitis,11
nasopharynx,11
cytopathogenicity,11
bearing,11
accelerated,11
peak,11
influenced,11
visits,11
pathophysiology,11
regimens,11
false,11
ambient,11
bowel,11
basal,11
autoantibodies,11
antioxidant,11
fab,11
tube,11
revealing,11
unraveling,10
evaluate,10
epigenetic,10
unified,10
nh,10
norwalk,10
isoforms,10
enemy,10
respond,10
splice,10
swedish,10
amplicon,10
nosed,10
cgas,10
equilibrium,10
return,10
postnatal,10
battle,10
resulting,10
estimated,10
adaptor,10
nucleotides,10
communicating,10
nucleopolyhedrovirus,10
rheumatoid,10
cameroonians,10
ischemia,10
noninvasive,10
enterotoxigenic,10
sybr,10
object,10
irradiation,10
ivoire,10
chromatography,10
obtained,10
directs,10
pmo,10
story,10
consumption,10
periods,10
institutional,10
perinatal,10
instrumental,10
distinctive,10
pelargonium,10
substituted,10
constraints,10
promotion,10
visualizing,10
constitutive,10
coordinated,10
pocket,10
visiting,10
consistent,10
adenosine,10
inpatients,10
pharmacophore,10
arm,10
caveolin,10
ras,10
weeks,10
developments,10
influenzae,10
devices,10
weather,10
informatics,10
infective,10
cooperation,10
student,10
casei,10
apes,10
causative,10
phylodynamic,10
diffuse,10
readiness,10
initiatives,10
readthrough,10
warns,10
intense,10
intensity,10
anatomy,10
background,10
neutrophilic,10
conducting,10
capsids,10
orthologs,10
polyomaviruses,10
standards,10
condition,10
optical,10
cellphone,10
immuno,10
inulin,10
investigate,10
emerged,10
images,10
image,10
oligomeric,10
utr,10
pore,10
replicating,10
ebv,10
interact,10
prohibitin,10
county,10
parp,10
arbovirus,10
carboxyl,10
willingness,10
import,10
carbon,10
consequence,10
prokaryotic,10
droppings,10
drosophila,10
advancements,10
advancing,10
duplication,10
duty,10
interpretation,10
rights,10
arctic,10
excessive,10
bk,10
frontline,10
microbes,10
functionally,10
blocked,10
funding,10
ligase,10
henan,10
limitations,10
sector,10
meteorological,10
track,10
message,10
meningoencephalitis,10
links,10
hemagglutination,10
tourist,10
pseudotype,10
gd,10
bond,10
allylamine,10
simultaneously,10
hela,10
bystander,10
tau,10
mono,10
scan,10
flying,10
transpeptidase,10
publications,10
leishmaniasis,10
forecast,10
preference,10
alphabaculovirus,10
formulation,10
missing,10
technical,10
technique,10
assembled,10
mini,10
sea,10
workshop,10
private,10
boosting,10
fiv,10
acetylation,10
tight,10
breadth,10
manufacturing,10
cirrhosis,10
half,10
proviral,10
provinces,10
glycyrrhizic,10
theoretical,10
circular,10
google,10
governance,10
malignancy,10
malawi,10
makers,10
cyclic,10
macrolide,10
threatening,10
thermodynamic,10
glutamyl,10
hantaviruses,10
genogroup,10
sichuan,10
liposomes,10
heavy,10
mechanically,10
measurements,10
allele,10
measure,10
little,10
september,10
septic,10
sidoides,10
side,10
matters,10
loaded,10
master,10
marmoset,10
layer,10
leukaemia,10
lambs,10
taking,10
must,10
largest,10
filoviruses,10
nephropathy,10
colorimetric,10
narrative,10
lab,10
camelids,10
neonates,10
exposures,10
sarcocystis,10
slow,10
colorado,10
socio,10
tumour,10
correlated,10
honey,10
tuberculous,10
colon,10
code,10
lactococcus,10
take,10
synthesized,10
caliciviruses,10
sarcoidosis,10
neurodegenerative,10
expanded,10
thermostable,10
kinome,10
colds,10
biologically,10
counteracts,10
finger,10
debate,10
runt,10
typhimurium,10
filtering,10
bio,10
bilateral,10
factories,10
permanent,9
patience,9
nano,9
